259,207,1,1
257,227,1,1
199,186,1,1
180,197,1,1
226,161,1,1
182,245,1,1
288,210,1,1
227,271,1,1
213,229,1,1
282,220,1,1
213,150,1,1
233,275,1,1
197,236,1,1
190,193,1,1
215,187,1,1
193,238,1,1
178,196,1,1
256,209,1,1
271,187,1,1
238,269,1,1
278,201,1,1
235,152,1,1
180,253,1,1
197,195,1,1
232,237,1,1
260,245,1,1
197,265,1,1
205,222,1,1
287,204,1,1
206,204,1,1
267,221,1,1
172,196,1,1
199,154,1,1
212,139,1,1
246,164,1,1
196,253,1,1
288,201,1,1
224,238,1,1
238,168,1,1
234,269,1,1
266,224,1,1
191,185,1,1
228,188,1,1
171,212,1,1
167,232,1,1
213,166,1,1
246,171,1,1
255,155,1,1
251,174,1,1
230,160,1,1
251,206,1,1
232,250,1,1
242,267,1,1
186,175,1,1
209,265,1,1
200,159,1,1
174,239,1,1
206,202,1,1
187,236,1,1
250,198,1,1
218,265,1,1
226,167,1,1
211,241,1,1
211,158,1,1
278,238,1,1
278,189,1,1
235,151,1,1
168,209,1,1
241,239,1,1
242,263,1,1
262,200,1,1
256,164,1,1
294,213,1,1
170,203,1,1
204,159,1,1
180,240,1,1
210,189,1,1
227,149,1,1
188,244,1,1
259,197,1,1
212,158,1,1
215,187,1,1
213,255,1,1
206,236,1,1
296,208,1,1
224,270,1,1
285,185,1,1
252,272,1,1
282,212,1,1
225,268,1,1
244,185,1,1
187,169,1,1
225,150,1,1
284,229,1,1
184,240,1,1
229,244,1,1
227,154,1,1
208,197,1,1
276,176,1,1
258,169,1,1
185,233,1,1
217,151,1,1
243,253,1,1
275,241,1,1
179,224,1,1
275,207,1,1
213,223,1,1
240,161,1,1
214,231,1,1
222,195,1,1
255,206,1,1
252,169,1,1
269,175,1,1
236,194,1,1
231,259,1,1
236,177,1,1
272,159,1,1
169,175,1,1
253,261,1,1
236,171,1,1
256,235,1,1
226,239,1,1
218,245,1,1
229,187,1,1
172,199,1,1
226,253,1,1
267,261,1,1
273,158,1,1
237,246,1,1
255,145,1,1
261,258,1,1
180,178,1,1
233,184,1,1
198,227,1,1
212,188,1,1
236,190,1,1
259,220,1,1
230,248,1,1
261,181,1,1
216,232,1,1
242,242,1,1
275,256,1,1
173,205,1,1
252,249,1,1
225,210,1,1
243,175,1,1
197,215,1,1
213,186,1,1
258,253,1,1
199,253,1,1
206,226,1,1
245,271,1,1
273,254,1,1
271,171,1,1
270,172,1,1
243,239,1,1
205,257,1,1
234,239,1,1
219,262,1,1
227,143,1,1
249,214,1,1
210,258,1,1
203,262,1,1
252,268,1,1
218,152,1,1
211,212,1,1
258,145,1,1
278,185,1,1
281,252,1,1
177,221,1,1
169,233,1,1
175,196,1,1
255,203,1,1
203,265,1,1
283,184,1,1
215,147,1,1
229,146,1,1
231,260,1,1
234,156,1,1
265,162,1,1
196,192,1,1
261,229,1,1
207,183,1,1
215,217,1,1
283,215,1,1
271,199,1,1
232,228,1,1
247,250,1,1
225,177,1,1
214,260,1,1
272,180,1,1
164,200,1,1
212,205,1,1
241,187,1,1
251,160,1,1
228,233,1,1
185,195,1,1
219,267,1,1
250,202,1,1
211,184,1,1
265,234,1,1
247,266,1,1
175,197,1,1
256,244,1,1
273,180,1,1
182,242,1,1
200,214,1,1
244,248,1,1
222,187,1,1
233,251,1,1
241,277,1,1
287,243,1,1
237,253,1,1
195,240,1,1
240,171,1,1
285,199,1,1
258,154,1,1
240,235,1,1
239,210,1,1
215,164,1,1
162,224,1,1
266,227,1,1
269,196,1,1
199,232,1,1
242,225,1,1
210,161,1,1
191,197,1,1
187,225,1,1
202,196,1,1
243,155,1,1
265,239,1,1
247,170,1,1
210,209,1,1
216,151,1,1
253,220,1,1
273,208,1,1
264,208,1,1
287,211,1,1
258,181,1,1
225,190,1,1
187,209,1,1
208,218,1,1
218,198,1,1
227,243,1,1
203,224,1,1
242,205,1,1
183,172,1,1
227,184,1,1
159,220,1,1
238,188,1,1
227,149,1,1
164,212,1,1
262,250,1,1
230,268,1,1
234,215,1,1
273,228,1,1
211,190,1,1
241,150,1,1
248,250,1,1
226,243,1,1
205,157,1,1
204,199,1,1
268,225,1,1
281,173,1,1
201,226,1,1
242,171,1,1
174,214,1,1
271,177,1,1
216,159,1,1
243,227,1,1
263,263,1,1
223,164,1,1
242,232,1,1
237,234,1,1
206,221,1,1
191,263,1,1
272,230,1,1
280,218,1,1
254,244,1,1
277,189,1,1
182,228,1,1
296,202,1,1
188,253,1,1
182,204,1,1
275,231,1,1
276,235,1,1
249,164,1,1
252,170,1,1
241,142,1,1
286,190,1,1
257,268,1,1
268,255,1,1
291,203,1,1
236,240,1,1
223,155,1,1
188,194,1,1
250,269,1,1
199,257,1,1
195,156,1,1
195,206,1,1
238,141,1,1
269,231,1,1
203,208,1,1
226,201,1,1
245,221,1,1
182,251,1,1
280,203,1,1
219,207,1,1
170,170,1,1
172,177,1,1
213,202,1,1
289,186,1,1
200,191,1,1
235,265,1,1
265,183,1,1
224,156,1,1
250,175,1,1
182,187,1,1
279,213,1,1
181,246,1,1
186,198,1,1
234,265,1,1
221,219,1,1
257,267,1,1
228,226,1,1
179,244,1,1
197,205,1,1
285,204,1,1
287,189,1,1
216,144,1,1
221,207,1,1
238,266,1,1
185,170,1,1
211,264,1,1
257,250,1,1
213,252,1,1
165,208,1,1
166,189,1,1
210,175,1,1
254,184,1,1
183,179,1,1
242,160,1,1
276,246,1,1
210,238,1,1
278,164,1,1
218,138,1,1
249,148,1,1
290,217,1,1
222,173,1,1
227,144,1,1
187,171,1,1
286,178,1,1
280,183,1,1
179,228,1,1
231,172,1,1
179,167,1,1
248,265,1,1
170,237,1,1
239,252,1,1
170,180,1,1
223,202,1,1
250,172,1,1
188,209,1,1
232,271,1,1
169,227,1,1
289,220,1,1
180,244,1,1
285,229,1,1
160,215,1,1
192,196,1,1
242,199,1,1
273,191,1,1
271,172,1,1
203,225,1,1
271,201,1,1
256,214,1,1
228,198,1,1
267,184,1,1
224,209,1,1
258,265,1,1
217,208,1,1
262,246,1,1
191,243,1,1
231,214,1,1
231,275,1,1
177,209,1,1
231,206,1,1
187,235,1,1
262,198,1,1
228,273,1,1
263,211,1,1
254,216,1,1
223,229,1,1
219,228,1,1
241,189,1,1
227,269,1,1
229,169,1,1
235,277,1,1
214,140,1,1
275,163,1,1
202,265,1,1
214,196,1,1
191,256,1,1
186,156,1,1
233,264,1,1
209,223,1,1
265,261,1,1
175,209,1,1
243,220,1,1
203,154,1,1
295,210,1,1
238,187,1,1
249,230,1,1
253,173,1,1
207,214,1,1
235,233,1,1
271,225,1,1
213,272,1,1
209,246,1,1
284,167,1,1
278,207,1,1
166,217,1,1
271,182,1,1
274,232,1,1
252,228,1,1
193,264,1,1
189,199,1,1
257,150,1,1
231,153,1,1
194,166,1,1
243,277,1,1
287,201,1,1
186,163,1,1
250,234,1,1
281,168,1,1
293,200,1,1
249,233,1,1
288,237,1,1
212,178,1,1
184,233,1,1
199,188,1,1
191,241,1,1
247,259,1,1
204,198,1,1
222,199,1,1
205,264,1,1
270,206,1,1
223,180,1,1
178,209,1,1
242,145,1,1
235,249,1,1
223,253,1,1
261,206,1,1
235,159,1,1
245,147,1,1
281,218,1,1
290,216,1,1
207,170,1,1
268,232,1,1
190,223,1,1
277,157,1,1
266,208,1,1
223,199,1,1
199,199,1,1
263,194,1,1
241,258,1,1
289,207,1,1
255,150,1,1
183,184,1,1
292,200,1,1
237,156,1,1
217,140,1,1
209,256,1,1
250,240,1,1
197,222,1,1
164,223,1,1
284,227,1,1
193,163,1,1
279,200,1,1
266,205,1,1
256,253,1,1
266,193,1,1
269,235,1,1
267,208,1,1
191,172,1,1
203,222,1,1
251,166,1,1
227,165,1,1
253,207,1,1
279,199,1,1
280,238,1,1
215,138,1,1
216,217,1,1
256,155,1,1
224,198,1,1
199,182,1,1
259,164,1,1
188,242,1,1
274,258,1,1
223,248,1,1
276,187,1,1
175,190,1,1
211,202,1,1
181,160,1,1
194,253,1,1
220,219,1,1
246,255,1,1
219,173,1,1
286,235,1,1
284,214,1,1
171,181,1,1
225,263,1,1
206,163,1,1
259,153,1,1
243,220,1,1
289,181,1,1
291,187,1,1
273,253,1,1
247,180,1,1
195,183,1,1
246,230,1,1
248,222,1,1
177,214,1,1
193,260,1,1
241,205,1,1
264,258,1,1
248,265,1,1
247,266,1,1
292,192,1,1
227,231,1,1
194,217,1,1
231,162,1,1
185,236,1,1
202,218,1,1
247,202,1,1
200,226,1,1
169,203,1,1
219,210,1,1
232,168,1,1
265,166,1,1
162,203,1,1
230,271,1,1
222,211,1,1
273,227,1,1
208,210,1,1
216,194,1,1
170,230,1,1
257,242,1,1
227,220,1,1
195,193,1,1
264,168,1,1
212,270,1,1
198,176,1,1
166,229,1,1
247,271,1,1
172,172,1,1
299,201,1,1
242,193,1,1
291,242,1,1
265,263,1,1
256,204,1,1
290,243,1,1
228,244,1,1
268,214,1,1
250,175,1,1
220,267,1,1
250,257,1,1
182,175,1,1
188,173,1,1
198,258,1,1
182,169,1,1
214,220,1,1
270,194,1,1
281,187,1,1
216,181,1,1
251,143,1,1
175,178,1,1
197,255,1,1
181,243,1,1
214,164,1,1
160,217,1,1
208,260,1,1
237,197,1,1
206,251,1,1
283,219,1,1
213,153,1,1
227,248,1,1
221,196,1,1
213,155,1,1
250,170,1,1
177,237,1,1
268,199,1,1
221,207,1,1
276,199,1,1
204,153,1,1
215,141,1,1
169,222,1,1
277,225,1,1
200,219,1,1
284,228,1,1
288,182,1,1
254,206,1,1
258,237,1,1
199,158,1,1
258,222,1,1
220,219,1,1
215,272,1,1
198,163,1,1
230,168,1,1
226,193,1,1
201,154,1,1
224,253,1,1
231,192,1,1
240,199,1,1
235,163,1,1
252,266,1,1
280,235,1,1
271,149,1,1
209,227,1,1
225,175,1,1
272,242,1,1
189,188,1,1
282,248,1,1
190,195,1,1
267,209,1,1
184,242,1,1
220,162,1,1
247,165,1,1
241,253,1,1
207,160,1,1
236,182,1,1
164,225,1,1
258,163,1,1
220,219,1,1
209,264,1,1
199,170,1,1
296,196,1,1
260,214,1,1
246,232,1,1
233,176,1,1
227,215,1,1
272,174,1,1
259,160,1,1
194,208,1,1
199,166,1,1
201,245,1,1
182,236,1,1
269,194,1,1
219,235,1,1
251,183,1,1
290,205,1,1
222,215,1,1
199,209,1,1
161,216,1,1
231,151,1,1
213,175,1,1
209,249,1,1
180,225,1,1
218,228,1,1
275,220,1,1
215,210,1,1
243,227,1,1
184,216,1,1
183,215,1,1
236,254,1,1
218,231,1,1
250,182,1,1
179,194,1,1
207,236,1,1
253,220,1,1
218,215,1,1
226,237,1,1
179,170,1,1
248,212,1,1
217,159,1,1
209,168,1,1
197,228,1,1
242,242,1,1
185,208,1,1
244,212,1,1
217,243,1,1
227,190,1,1
275,200,1,1
260,168,1,1
212,171,1,1
261,158,1,1
257,184,1,1
247,152,1,1
193,201,1,1
228,183,1,1
181,171,1,1
222,142,1,1
230,148,1,1
181,206,1,1
196,157,1,1
224,157,1,1
269,160,1,1
180,215,1,1
229,147,1,1
199,173,1,1
226,273,1,1
172,240,1,1
221,178,1,1
266,183,1,1
210,177,1,1
204,245,1,1
288,189,1,1
205,202,1,1
186,196,1,1
265,156,1,1
178,223,1,1
236,247,1,1
247,231,1,1
258,158,1,1
370,278,2,2
422,239,2,2
437,229,2,2
395,180,2,2
382,281,2,2
387,181,2,2
423,196,2,2
391,308,2,2
402,241,2,2
450,246,2,2
423,253,2,2
436,296,2,2
366,275,2,2
344,256,2,2
389,230,2,2
383,200,2,2
393,285,2,2
424,306,2,2
392,275,2,2
379,311,2,2
460,230,2,2
395,311,2,2
428,225,2,2
396,251,2,2
362,265,2,2
389,228,2,2
349,210,2,2
390,230,2,2
351,230,2,2
330,233,2,2
416,217,2,2
400,287,2,2
365,222,2,2
417,286,2,2
368,303,2,2
361,255,2,2
364,245,2,2
386,218,2,2
373,233,2,2
374,219,2,2
436,295,2,2
374,242,2,2
356,202,2,2
433,283,2,2
414,214,2,2
405,294,2,2
392,265,2,2
401,249,2,2
362,293,2,2
409,304,2,2
349,277,2,2
454,230,2,2
366,305,2,2
351,263,2,2
404,289,2,2
366,282,2,2
435,281,2,2
439,275,2,2
330,259,2,2
344,206,2,2
447,207,2,2
357,236,2,2
430,223,2,2
409,227,2,2
358,190,2,2
405,261,2,2
420,254,2,2
444,271,2,2
350,299,2,2
364,280,2,2
454,266,2,2
342,262,2,2
409,197,2,2
421,257,2,2
340,276,2,2
349,291,2,2
359,221,2,2
350,236,2,2
327,239,2,2
352,256,2,2
384,261,2,2
398,304,2,2
346,220,2,2
367,281,2,2
452,217,2,2
407,312,2,2
363,184,2,2
382,260,2,2
436,246,2,2
393,188,2,2
394,277,2,2
408,183,2,2
397,190,2,2
416,300,2,2
334,237,2,2
427,261,2,2
437,205,2,2
358,300,2,2
457,238,2,2
373,256,2,2
370,267,2,2
418,260,2,2
428,300,2,2
454,248,2,2
328,230,2,2
416,257,2,2
383,217,2,2
450,264,2,2
388,207,2,2
417,287,2,2
357,282,2,2
427,271,2,2
397,242,2,2
437,240,2,2
417,219,2,2
404,284,2,2
353,236,2,2
426,255,2,2
456,242,2,2
336,225,2,2
405,208,2,2
425,207,2,2
339,215,2,2
335,245,2,2
461,250,2,2
389,233,2,2
441,200,2,2
380,195,2,2
402,230,2,2
344,210,2,2
335,238,2,2
372,286,2,2
421,228,2,2
339,258,2,2
450,278,2,2
326,250,2,2
413,193,2,2
382,213,2,2
375,202,2,2
343,234,2,2
437,198,2,2
393,313,2,2
381,181,2,2
451,269,2,2
382,294,2,2
360,282,2,2
389,188,2,2
391,204,2,2
454,217,2,2
387,308,2,2
457,233,2,2
343,250,2,2
391,281,2,2
457,219,2,2
336,240,2,2
446,243,2,2
410,267,2,2
378,236,2,2
410,295,2,2
419,255,2,2
339,227,2,2
345,227,2,2
345,229,2,2
353,195,2,2
364,244,2,2
438,206,2,2
437,201,2,2
358,204,2,2
397,274,2,2
379,251,2,2
456,239,2,2
396,316,2,2
450,283,2,2
378,252,2,2
457,265,2,2
387,283,2,2
433,227,2,2
410,224,2,2
427,303,2,2
429,269,2,2
431,278,2,2
331,218,2,2
442,291,2,2
410,191,2,2
436,214,2,2
386,306,2,2
375,252,2,2
348,278,2,2
381,298,2,2
440,257,2,2
428,266,2,2
402,242,2,2
423,294,2,2
408,219,2,2
365,199,2,2
436,280,2,2
423,242,2,2
425,243,2,2
406,290,2,2
360,243,2,2
422,211,2,2
414,269,2,2
418,301,2,2
327,264,2,2
398,288,2,2
359,253,2,2
395,303,2,2
434,295,2,2
419,202,2,2
363,282,2,2
452,259,2,2
378,190,2,2
367,231,2,2
441,281,2,2
443,226,2,2
415,193,2,2
380,271,2,2
393,242,2,2
407,217,2,2
383,280,2,2
413,192,2,2
353,248,2,2
424,189,2,2
363,259,2,2
409,253,2,2
427,219,2,2
384,189,2,2
454,230,2,2
349,240,2,2
365,267,2,2
419,181,2,2
370,264,2,2
376,292,2,2
373,234,2,2
347,300,2,2
386,306,2,2
431,189,2,2
391,306,2,2
413,250,2,2
400,225,2,2
362,187,2,2
387,186,2,2
427,243,2,2
424,268,2,2
391,218,2,2
399,316,2,2
393,190,2,2
442,254,2,2
396,227,2,2
349,249,2,2
342,286,2,2
399,299,2,2
348,265,2,2
439,242,2,2
423,239,2,2
438,214,2,2
376,283,2,2
421,193,2,2
423,190,2,2
390,298,2,2
435,238,2,2
336,237,2,2
455,271,2,2
347,286,2,2
364,240,2,2
352,237,2,2
427,261,2,2
382,242,2,2
418,192,2,2
365,236,2,2
344,207,2,2
333,211,2,2
449,261,2,2
412,250,2,2
438,216,2,2
424,294,2,2
379,190,2,2
357,224,2,2
393,182,2,2
385,288,2,2
363,195,2,2
385,266,2,2
429,187,2,2
358,278,2,2
400,180,2,2
423,210,2,2
372,188,2,2
418,236,2,2
345,236,2,2
384,283,2,2
420,287,2,2
337,234,2,2
372,182,2,2
369,246,2,2
412,295,2,2
407,194,2,2
341,226,2,2
409,250,2,2
326,253,2,2
422,215,2,2
404,267,2,2
446,255,2,2
373,310,2,2
396,287,2,2
389,195,2,2
407,304,2,2
419,229,2,2
347,266,2,2
333,234,2,2
408,299,2,2
336,276,2,2
367,212,2,2
389,312,2,2
340,232,2,2
355,238,2,2
368,304,2,2
444,204,2,2
446,278,2,2
403,189,2,2
351,248,2,2
448,220,2,2
418,265,2,2
363,268,2,2
424,289,2,2
430,233,2,2
350,290,2,2
395,235,2,2
385,188,2,2
354,301,2,2
423,236,2,2
448,217,2,2
372,193,2,2
443,270,2,2
388,284,2,2
354,250,2,2
386,310,2,2
346,255,2,2
432,243,2,2
354,274,2,2
396,222,2,2
430,241,2,2
411,199,2,2
410,201,2,2
339,269,2,2
343,234,2,2
347,246,2,2
339,256,2,2
406,200,2,2
388,269,2,2
367,235,2,2
376,298,2,2
370,209,2,2
440,273,2,2
429,266,2,2
355,277,2,2
449,264,2,2
434,247,2,2
399,183,2,2
345,242,2,2
369,274,2,2
429,236,2,2
386,281,2,2
362,242,2,2
430,274,2,2
428,243,2,2
411,183,2,2
450,230,2,2
384,203,2,2
387,284,2,2
353,233,2,2
406,214,2,2
386,306,2,2
424,230,2,2
344,249,2,2
406,191,2,2
420,303,2,2
419,211,2,2
349,210,2,2
398,230,2,2
411,291,2,2
369,210,2,2
389,315,2,2
369,200,2,2
342,254,2,2
387,219,2,2
393,263,2,2
447,204,2,2
364,275,2,2
434,259,2,2
404,188,2,2
371,204,2,2
439,201,2,2
382,284,2,2
460,243,2,2
402,304,2,2
369,237,2,2
382,254,2,2
447,216,2,2
444,291,2,2
344,226,2,2
400,263,2,2
333,244,2,2
357,270,2,2
340,273,2,2
443,269,2,2
388,258,2,2
443,250,2,2
416,285,2,2
420,291,2,2
451,273,2,2
383,240,2,2
329,262,2,2
333,249,2,2
429,305,2,2
374,218,2,2
359,290,2,2
375,264,2,2
393,298,2,2
342,250,2,2
412,258,2,2
382,250,2,2
421,278,2,2
387,285,2,2
370,292,2,2
390,223,2,2
390,300,2,2
434,260,2,2
426,255,2,2
329,245,2,2
366,188,2,2
419,303,2,2
404,193,2,2
431,222,2,2
410,297,2,2
448,211,2,2
439,198,2,2
383,276,2,2
341,282,2,2
398,267,2,2
421,229,2,2
339,273,2,2
342,203,2,2
407,305,2,2
453,213,2,2
391,206,2,2
458,235,2,2
413,233,2,2
393,214,2,2
362,292,2,2
423,183,2,2
383,283,2,2
363,272,2,2
391,242,2,2
377,230,2,2
354,288,2,2
408,263,2,2
444,237,2,2
353,269,2,2
357,296,2,2
438,286,2,2
355,223,2,2
382,198,2,2
429,264,2,2
436,267,2,2
409,191,2,2
448,228,2,2
401,190,2,2
445,291,2,2
437,236,2,2
386,238,2,2
366,227,2,2
392,186,2,2
444,234,2,2
345,197,2,2
434,261,2,2
377,216,2,2
423,294,2,2
409,283,2,2
428,226,2,2
396,304,2,2
422,257,2,2
385,290,2,2
354,205,2,2
374,185,2,2
370,179,2,2
454,256,2,2
378,312,2,2
330,263,2,2
430,296,2,2
431,303,2,2
335,212,2,2
386,285,2,2
365,234,2,2
383,194,2,2
355,213,2,2
336,223,2,2
399,242,2,2
400,305,2,2
442,221,2,2
449,229,2,2
395,261,2,2
369,272,2,2
404,228,2,2
401,275,2,2
462,253,2,2
422,300,2,2
332,253,2,2
361,274,2,2
451,277,2,2
426,296,2,2
418,266,2,2
425,240,2,2
328,234,2,2
440,251,2,2
432,229,2,2
356,240,2,2
391,312,2,2
389,186,2,2
380,197,2,2
379,235,2,2
454,220,2,2
442,291,2,2
390,214,2,2
462,240,2,2
364,307,2,2
404,194,2,2
433,298,2,2
413,281,2,2
405,273,2,2
405,309,2,2
453,236,2,2
425,203,2,2
420,256,2,2
387,283,2,2
381,268,2,2
412,214,2,2
386,255,2,2
436,258,2,2
344,284,2,2
332,268,2,2
394,264,2,2
359,299,2,2
417,193,2,2
419,261,2,2
410,234,2,2
356,218,2,2
424,283,2,2
385,216,2,2
429,256,2,2
431,207,2,2
345,205,2,2
421,278,2,2
382,252,2,2
405,198,2,2
445,276,2,2
425,226,2,2
397,218,2,2
372,207,2,2
374,302,2,2
382,263,2,2
432,213,2,2
445,226,2,2
441,196,2,2
396,262,2,2
397,179,2,2
431,302,2,2
366,224,2,2
341,225,2,2
393,311,2,2
364,279,2,2
415,257,2,2
342,206,2,2
392,302,2,2
339,258,2,2
443,197,2,2
400,274,2,2
380,293,2,2
371,256,2,2
410,214,2,2
334,275,2,2
405,179,2,2
342,290,2,2
441,210,2,2
445,233,2,2
375,307,2,2
373,215,2,2
442,279,2,2
345,200,2,2
383,196,2,2
384,230,2,2
418,261,2,2
462,242,2,2
360,287,2,2
451,232,2,2
428,249,2,2
412,230,2,2
441,274,2,2
432,200,2,2
386,199,2,2
343,233,2,2
446,249,2,2
368,264,2,2
426,299,2,2
345,250,2,2
354,215,2,2
435,265,2,2
397,196,2,2
333,253,2,2
436,252,2,2
425,301,2,2
406,248,2,2
425,268,2,2
434,199,2,2
367,240,2,2
390,240,2,2
380,249,2,2
451,254,2,2
388,209,2,2
450,237,2,2
451,221,2,2
371,219,2,2
398,212,2,2
343,206,2,2
369,278,2,2
361,227,2,2
437,286,2,2
448,223,2,2
352,229,2,2
380,261,2,2
443,238,2,2
384,234,2,2
408,178,2,2
369,284,2,2
424,229,2,2
395,198,2,2
422,275,2,2
382,197,2,2
456,224,2,2
421,293,2,2
395,277,2,2
372,234,2,2
334,235,2,2
395,241,2,2
420,290,2,2
446,268,2,2
427,292,2,2
329,239,2,2
371,308,2,2
374,246,2,2
384,253,2,2
411,268,2,2
389,191,2,2
419,287,2,2
368,185,2,2
358,215,2,2
375,208,2,2
432,227,2,2
342,235,2,2
425,213,2,2
417,276,2,2
364,210,2,2
370,202,2,2
347,214,2,2
366,274,2,2
428,285,2,2
411,267,2,2
409,228,2,2
459,221,2,2
441,225,2,2
403,294,2,2
381,248,2,2
382,197,2,2
462,259,2,2
356,201,2,2
386,288,2,2
428,226,2,2
330,234,2,2
387,288,2,2
360,304,2,2
416,236,2,2
356,202,2,2
352,241,2,2
408,303,2,2
409,268,2,2
327,247,2,2
342,237,2,2
389,313,2,2
457,224,2,2
327,264,2,2
446,235,2,2
384,223,2,2
449,286,2,2
346,243,2,2
394,234,2,2
367,216,2,2
362,265,2,2
397,244,2,2
351,235,2,2
447,214,2,2
445,292,2,2
432,235,2,2
346,196,2,2
402,188,2,2
384,276,2,2
421,265,2,2
347,232,2,2
374,230,2,2
379,244,2,2
422,229,2,2
394,285,2,2
420,200,2,2
363,251,2,2
358,224,2,2
435,301,2,2
421,392,3,2
350,386,3,2
460,380,3,2
380,331,3,2
466,350,3,2
476,394,3,2
442,399,3,2
463,348,3,2
389,420,3,2
402,365,3,2
366,354,3,2
392,336,3,2
378,337,3,2
421,422,3,2
383,444,3,2
355,349,3,2
395,387,3,2
374,359,3,2
435,382,3,2
459,415,3,2
443,399,3,2
350,379,3,2
471,403,3,2
461,365,3,2
424,443,3,2
451,346,3,2
404,371,3,2
361,430,3,2
354,399,3,2
358,350,3,2
351,389,3,2
434,395,3,2
412,392,3,2
440,349,3,2
457,384,3,2
354,371,3,2
461,394,3,2
444,420,3,2
414,427,3,2
413,332,3,2
428,435,3,2
417,358,3,2
381,396,3,2
388,344,3,2
354,378,3,2
406,368,3,2
360,365,3,2
364,427,3,2
434,354,3,2
435,403,3,2
416,324,3,2
391,421,3,2
475,393,3,2
452,358,3,2
377,408,3,2
455,364,3,2
399,334,3,2
369,344,3,2
384,413,3,2
415,355,3,2
462,364,3,2
419,333,3,2
444,383,3,2
358,420,3,2
420,370,3,2
426,387,3,2
398,381,3,2
448,395,3,2
420,441,3,2
460,417,3,2
386,364,3,2
375,370,3,2
450,366,3,2
371,369,3,2
426,346,3,2
410,356,3,2
395,399,3,2
413,392,3,2
399,363,3,2
470,418,3,2
399,352,3,2
469,368,3,2
362,428,3,2
434,457,3,2
472,361,3,2
468,421,3,2
430,327,3,2
378,334,3,2
393,425,3,2
394,337,3,2
458,386,3,2
372,441,3,2
403,389,3,2
415,445,3,2
411,360,3,2
443,363,3,2
411,336,3,2
419,409,3,2
439,406,3,2
459,426,3,2
397,383,3,2
433,405,3,2
420,381,3,2
428,415,3,2
388,366,3,2
418,356,3,2
420,363,3,2
444,336,3,2
384,414,3,2
350,398,3,2
446,351,3,2
424,328,3,2
446,413,3,2
386,415,3,2
441,398,3,2
368,414,3,2
395,398,3,2
389,439,3,2
386,350,3,2
390,391,3,2
383,331,3,2
402,443,3,2
444,419,3,2
402,397,3,2
377,427,3,2
395,327,3,2
348,400,3,2
379,372,3,2
393,414,3,2
385,346,3,2
402,402,3,2
406,422,3,2
358,409,3,2
383,363,3,2
425,412,3,2
419,343,3,2
437,444,3,2
417,442,3,2
463,426,3,2
357,428,3,2
405,445,3,2
352,387,3,2
378,346,3,2
369,348,3,2
390,411,3,2
389,418,3,2
389,339,3,2
405,450,3,2
352,394,3,2
423,363,3,2
442,413,3,2
436,387,3,2
430,436,3,2
441,347,3,2
416,447,3,2
348,412,3,2
404,343,3,2
375,441,3,2
393,370,3,2
410,410,3,2
349,409,3,2
434,365,3,2
429,372,3,2
472,392,3,2
459,423,3,2
381,371,3,2
437,353,3,2
376,450,3,2
468,355,3,2
433,331,3,2
455,348,3,2
396,398,3,2
457,414,3,2
441,392,3,2
399,400,3,2
437,408,3,2
362,375,3,2
413,436,3,2
419,395,3,2
395,386,3,2
435,432,3,2
457,375,3,2
430,363,3,2
464,367,3,2
393,331,3,2
372,439,3,2
449,353,3,2
353,379,3,2
420,419,3,2
407,441,3,2
354,360,3,2
447,441,3,2
394,424,3,2
422,331,3,2
457,370,3,2
399,347,3,2
401,324,3,2
458,382,3,2
446,446,3,2
400,358,3,2
448,354,3,2
364,359,3,2
446,345,3,2
391,332,3,2
435,401,3,2
437,377,3,2
395,410,3,2
388,414,3,2
472,410,3,2
371,383,3,2
447,397,3,2
462,352,3,2
393,427,3,2
435,442,3,2
419,332,3,2
452,401,3,2
418,398,3,2
416,320,3,2
411,442,3,2
435,427,3,2
393,328,3,2
428,428,3,2
426,352,3,2
422,362,3,2
437,366,3,2
431,330,3,2
408,368,3,2
407,350,3,2
426,430,3,2
457,417,3,2
436,335,3,2
364,398,3,2
435,429,3,2
462,366,3,2
373,353,3,2
405,443,3,2
352,415,3,2
342,404,3,2
432,392,3,2
388,449,3,2
355,357,3,2
406,371,3,2
416,341,3,2
380,420,3,2
422,395,3,2
383,399,3,2
417,447,3,2
385,349,3,2
436,386,3,2
413,441,3,2
402,440,3,2
410,452,3,2
442,409,3,2
391,341,3,2
431,412,3,2
380,432,3,2
387,414,3,2
437,363,3,2
425,394,3,2
395,338,3,2
453,381,3,2
344,389,3,2
455,429,3,2
476,414,3,2
424,433,3,2
395,372,3,2
414,378,3,2
418,432,3,2
388,369,3,2
425,337,3,2
357,404,3,2
430,354,3,2
402,339,3,2
426,440,3,2
451,360,3,2
421,455,3,2
418,372,3,2
378,428,3,2
434,410,3,2
469,350,3,2
397,445,3,2
365,385,3,2
409,365,3,2
425,403,3,2
452,346,3,2
421,365,3,2
389,437,3,2
366,359,3,2
376,361,3,2
430,372,3,2
422,427,3,2
406,422,3,2
429,427,3,2
366,391,3,2
466,414,3,2
466,419,3,2
424,429,3,2
353,384,3,2
444,445,3,2
407,442,3,2
383,445,3,2
438,374,3,2
368,349,3,2
357,427,3,2
452,379,3,2
460,348,3,2
374,414,3,2
391,439,3,2
449,364,3,2
459,368,3,2
411,324,3,2
470,410,3,2
424,338,3,2
453,420,3,2
450,404,3,2
357,419,3,2
369,441,3,2
467,404,3,2
398,373,3,2
447,340,3,2
388,448,3,2
373,448,3,2
399,422,3,2
453,423,3,2
365,352,3,2
386,357,3,2
363,386,3,2
412,375,3,2
409,322,3,2
399,430,3,2
384,364,3,2
400,388,3,2
381,340,3,2
418,394,3,2
453,350,3,2
390,424,3,2
426,430,3,2
409,427,3,2
447,382,3,2
384,356,3,2
401,361,3,2
376,409,3,2
407,326,3,2
361,382,3,2
362,354,3,2
449,341,3,2
421,366,3,2
442,350,3,2
449,444,3,2
358,376,3,2
420,369,3,2
427,391,3,2
437,416,3,2
376,394,3,2
339,399,3,2
450,378,3,2
445,407,3,2
437,337,3,2
452,383,3,2
403,335,3,2
367,409,3,2
428,367,3,2
427,429,3,2
386,419,3,2
411,375,3,2
420,324,3,2
366,357,3,2
427,327,3,2
436,337,3,2
447,409,3,2
346,389,3,2
387,451,3,2
350,405,3,2
415,359,3,2
418,346,3,2
400,415,3,2
374,425,3,2
422,373,3,2
389,413,3,2
422,425,3,2
411,379,3,2
401,362,3,2
431,389,3,2
373,399,3,2
425,359,3,2
399,393,3,2
370,388,3,2
358,400,3,2
437,445,3,2
453,353,3,2
473,399,3,2
421,337,3,2
366,337,3,2
389,338,3,2
409,398,3,2
340,396,3,2
365,340,3,2
430,446,3,2
369,352,3,2
471,354,3,2
417,446,3,2
428,436,3,2
452,346,3,2
431,424,3,2
344,405,3,2
370,447,3,2
429,413,3,2
374,404,3,2
420,449,3,2
356,379,3,2
443,414,3,2
441,338,3,2
454,356,3,2
407,411,3,2
432,400,3,2
374,341,3,2
372,351,3,2
363,401,3,2
431,420,3,2
386,344,3,2
408,383,3,2
344,385,3,2
419,428,3,2
465,384,3,2
420,428,3,2
378,414,3,2
366,390,3,2
381,358,3,2
374,433,3,2
435,440,3,2
440,431,3,2
417,403,3,2
469,380,3,2
363,359,3,2
386,385,3,2
474,380,3,2
384,371,3,2
436,391,3,2
422,340,3,2
447,400,3,2
456,427,3,2
409,420,3,2
442,345,3,2
394,332,3,2
397,405,3,2
435,354,3,2
382,338,3,2
385,403,3,2
404,437,3,2
432,453,3,2
457,420,3,2
378,340,3,2
397,373,3,2
349,403,3,2
429,344,3,2
429,373,3,2
388,439,3,2
372,411,3,2
357,370,3,2
394,453,3,2
447,371,3,2
452,406,3,2
410,428,3,2
386,446,3,2
423,438,3,2
387,347,3,2
370,411,3,2
451,372,3,2
394,386,3,2
346,397,3,2
386,380,3,2
380,424,3,2
423,355,3,2
448,419,3,2
421,322,3,2
460,368,3,2
362,422,3,2
370,355,3,2
381,448,3,2
393,338,3,2
455,391,3,2
458,356,3,2
432,428,3,2
410,425,3,2
412,442,3,2
355,380,3,2
444,344,3,2
466,378,3,2
407,426,3,2
364,416,3,2
391,346,3,2
384,368,3,2
381,398,3,2
370,404,3,2
382,442,3,2
362,352,3,2
372,416,3,2
361,390,3,2
381,381,3,2
447,386,3,2
357,392,3,2
423,447,3,2
383,374,3,2
353,368,3,2
474,394,3,2
456,367,3,2
395,368,3,2
451,369,3,2
456,411,3,2
391,396,3,2
464,386,3,2
456,388,3,2
434,393,3,2
427,407,3,2
415,337,3,2
369,346,3,2
377,395,3,2
374,450,3,2
391,402,3,2
402,417,3,2
367,388,3,2
349,378,3,2
396,415,3,2
463,426,3,2
365,351,3,2
393,406,3,2
451,343,3,2
385,367,3,2
361,418,3,2
452,412,3,2
471,416,3,2
452,402,3,2
358,392,3,2
388,333,3,2
439,412,3,2
465,409,3,2
418,443,3,2
450,406,3,2
414,387,3,2
449,339,3,2
462,359,3,2
357,407,3,2
441,421,3,2
386,426,3,2
382,433,3,2
429,386,3,2
388,331,3,2
412,330,3,2
446,390,3,2
373,437,3,2
390,414,3,2
406,343,3,2
458,383,3,2
411,388,3,2
398,414,3,2
358,422,3,2
366,342,3,2
391,429,3,2
426,421,3,2
396,410,3,2
440,349,3,2
350,393,3,2
393,446,3,2
425,330,3,2
351,402,3,2
407,334,3,2
393,334,3,2
436,398,3,2
367,355,3,2
348,407,3,2
370,354,3,2
389,351,3,2
395,355,3,2
416,415,3,2
435,347,3,2
372,419,3,2
399,336,3,2
355,410,3,2
437,438,3,2
355,423,3,2
370,423,3,2
370,337,3,2
406,407,3,2
435,436,3,2
409,432,3,2
420,326,3,2
380,420,3,2
368,408,3,2
433,335,3,2
398,395,3,2
464,419,3,2
360,366,3,2
455,392,3,2
401,408,3,2
459,372,3,2
446,360,3,2
440,407,3,2
367,348,3,2
459,416,3,2
461,361,3,2
396,387,3,2
432,446,3,2
435,358,3,2
441,371,3,2
469,414,3,2
379,433,3,2
397,349,3,2
397,438,3,2
452,393,3,2
381,392,3,2
416,379,3,2
418,426,3,2
413,448,3,2
465,382,3,2
351,417,3,2
370,429,3,2
393,328,3,2
423,436,3,2
436,396,3,2
386,370,3,2
409,413,3,2
378,358,3,2
409,419,3,2
408,386,3,2
453,359,3,2
380,373,3,2
362,365,3,2
422,333,3,2
378,383,3,2
385,401,3,2
342,393,3,2
428,367,3,2
448,390,3,2
349,377,3,2
427,357,3,2
391,360,3,2
444,336,3,2
394,414,3,2
372,419,3,2
397,445,3,2
407,364,3,2
412,456,3,2
358,355,3,2
406,339,3,2
394,412,3,2
373,422,3,2
369,358,3,2
477,407,3,2
461,417,3,2
422,436,3,2
412,347,3,2
350,410,3,2
366,433,3,2
373,356,3,2
396,448,3,2
422,402,3,2
412,443,3,2
442,446,3,2
403,435,3,2
434,440,3,2
417,325,3,2
436,367,3,2
408,381,3,2
406,390,3,2
413,362,3,2
463,384,3,2
440,424,3,2
408,393,3,2
410,346,3,2
349,413,3,2
368,359,3,2
416,334,3,2
372,353,3,2
463,427,3,2
452,370,3,2
473,394,3,2
467,395,3,2
434,341,3,2
373,352,3,2
399,344,3,2
465,351,3,2
413,410,3,2
361,390,3,2
431,377,3,2
412,327,3,2
379,363,3,2
437,415,3,2
464,372,3,2
364,425,3,2
425,324,3,2
415,365,3,2
463,384,3,2
410,378,3,2
430,383,3,2
371,374,3,2
453,356,3,2
423,361,3,2
467,382,3,2
427,376,3,2
360,346,3,2
428,452,3,2
364,365,3,2
469,358,3,2
414,385,3,2
362,405,3,2
394,452,3,2
421,330,3,2
408,413,3,2
406,410,3,2
391,378,3,2
453,341,3,2
418,437,3,2
404,375,3,2
395,365,3,2
423,53,4,3
416,18,4,3
392,92,4,3
373,71,4,3
411,7,4,3
383,42,4,3
414,128,4,3
408,15,4,3
385,36,4,3
349,77,4,3
390,134,4,3
461,78,4,3
404,72,4,3
395,89,4,3
381,30,4,3
408,31,4,3
483,69,4,3
376,113,4,3
483,100,4,3
442,132,4,3
437,77,4,3
399,45,4,3
396,75,4,3
387,85,4,3
378,50,4,3
377,112,4,3
428,81,4,3
454,83,4,3
399,66,4,3
390,102,4,3
455,26,4,3
422,56,4,3
414,132,4,3
442,42,4,3
481,67,4,3
485,87,4,3
420,18,4,3
380,73,4,3
416,124,4,3
420,54,4,3
433,4,4,3
465,49,4,3
430,49,4,3
430,48,4,3
392,65,4,3
426,64,4,3
385,87,4,3
376,34,4,3
401,65,4,3
382,42,4,3
389,94,4,3
445,33,4,3
417,102,4,3
429,19,4,3
448,100,4,3
451,58,4,3
385,29,4,3
372,108,4,3
388,77,4,3
418,43,4,3
444,17,4,3
460,110,4,3
395,49,4,3
457,101,4,3
451,98,4,3
448,34,4,3
476,86,4,3
476,50,4,3
468,30,4,3
358,53,4,3
431,84,4,3
438,53,4,3
407,73,4,3
377,119,4,3
426,2,4,3
411,127,4,3
368,89,4,3
382,28,4,3
382,30,4,3
410,88,4,3
411,52,4,3
414,107,4,3
430,110,4,3
469,50,4,3
397,69,4,3
441,128,4,3
411,10,4,3
470,27,4,3
465,83,4,3
390,75,4,3
461,109,4,3
431,4,4,3
349,82,4,3
394,87,4,3
448,70,4,3
387,100,4,3
388,75,4,3
458,29,4,3
395,71,4,3
464,97,4,3
366,80,4,3
422,1,4,3
394,128,4,3
370,74,4,3
408,77,4,3
391,72,4,3
438,48,4,3
386,40,4,3
423,51,4,3
448,80,4,3
425,40,4,3
389,57,4,3
369,44,4,3
427,16,4,3
403,56,4,3
362,40,4,3
392,71,4,3
389,118,4,3
371,101,4,3
447,60,4,3
383,71,4,3
369,70,4,3
426,16,4,3
438,35,4,3
407,91,4,3
386,128,4,3
365,33,4,3
412,52,4,3
461,101,4,3
399,28,4,3
420,7,4,3
385,118,4,3
484,64,4,3
367,37,4,3
395,54,4,3
470,43,4,3
461,76,4,3
437,58,4,3
436,88,4,3
384,76,4,3
415,125,4,3
452,53,4,3
428,31,4,3
418,67,4,3
480,71,4,3
380,119,4,3
379,115,4,3
402,122,4,3
414,84,4,3
377,102,4,3
480,94,4,3
403,20,4,3
455,41,4,3
462,43,4,3
468,76,4,3
365,41,4,3
385,47,4,3
390,49,4,3
420,46,4,3
405,42,4,3
383,52,4,3
393,98,4,3
373,60,4,3
398,68,4,3
379,49,4,3
462,64,4,3
404,106,4,3
384,34,4,3
397,134,4,3
394,123,4,3
445,108,4,3
383,70,4,3
395,123,4,3
390,67,4,3
381,46,4,3
459,48,4,3
422,108,4,3
468,87,4,3
386,42,4,3
459,122,4,3
434,135,4,3
462,31,4,3
419,59,4,3
448,86,4,3
410,50,4,3
414,118,4,3
398,32,4,3
422,12,4,3
415,74,4,3
457,92,4,3
457,87,4,3
446,122,4,3
486,75,4,3
438,103,4,3
374,38,4,3
468,85,4,3
386,108,4,3
456,30,4,3
369,57,4,3
454,60,4,3
435,57,4,3
413,110,4,3
438,40,4,3
387,114,4,3
479,44,4,3
465,80,4,3
406,90,4,3
416,130,4,3
390,127,4,3
365,97,4,3
363,58,4,3
437,24,4,3
444,110,4,3
397,28,4,3
478,67,4,3
420,31,4,3
396,76,4,3
441,123,4,3
468,80,4,3
402,74,4,3
400,56,4,3
468,72,4,3
468,71,4,3
428,92,4,3
441,36,4,3
468,106,4,3
373,61,4,3
362,95,4,3
451,60,4,3
413,115,4,3
417,60,4,3
382,85,4,3
484,93,4,3
424,90,4,3
435,81,4,3
351,79,4,3
374,80,4,3
354,71,4,3
444,10,4,3
449,119,4,3
392,71,4,3
413,58,4,3
379,49,4,3
431,13,4,3
423,101,4,3
486,75,4,3
413,50,4,3
414,126,4,3
415,125,4,3
479,38,4,3
454,130,4,3
455,39,4,3
422,82,4,3
479,49,4,3
365,75,4,3
460,28,4,3
416,123,4,3
391,112,4,3
355,60,4,3
397,92,4,3
409,82,4,3
398,58,4,3
451,35,4,3
385,110,4,3
430,13,4,3
458,50,4,3
469,55,4,3
391,87,4,3
441,67,4,3
358,65,4,3
425,92,4,3
476,102,4,3
387,51,4,3
397,99,4,3
425,62,4,3
412,26,4,3
415,96,4,3
459,18,4,3
423,82,4,3
390,123,4,3
400,89,4,3
364,57,4,3
400,75,4,3
405,98,4,3
423,98,4,3
420,88,4,3
412,93,4,3
424,7,4,3
374,114,4,3
462,106,4,3
464,95,4,3
425,67,4,3
427,32,4,3
388,103,4,3
421,78,4,3
411,24,4,3
443,120,4,3
386,73,4,3
351,85,4,3
411,109,4,3
460,75,4,3
460,110,4,3
475,80,4,3
368,61,4,3
458,48,4,3
394,117,4,3
402,19,4,3
375,40,4,3
407,130,4,3
375,104,4,3
399,116,4,3
452,113,4,3
457,59,4,3
389,91,4,3
447,127,4,3
415,56,4,3
378,125,4,3
419,63,4,3
445,39,4,3
412,30,4,3
472,44,4,3
384,38,4,3
351,77,4,3
475,85,4,3
400,123,4,3
423,102,4,3
392,61,4,3
422,2,4,3
387,19,4,3
444,65,4,3
453,108,4,3
462,25,4,3
410,70,4,3
453,32,4,3
424,136,4,3
380,46,4,3
394,65,4,3
404,33,4,3
388,118,4,3
374,19,4,3
428,32,4,3
400,88,4,3
365,72,4,3
441,72,4,3
478,33,4,3
418,3,4,3
413,29,4,3
361,89,4,3
450,61,4,3
422,7,4,3
351,78,4,3
440,93,4,3
393,95,4,3
385,104,4,3
427,71,4,3
446,14,4,3
450,125,4,3
392,104,4,3
477,59,4,3
410,75,4,3
442,134,4,3
452,61,4,3
449,121,4,3
439,82,4,3
360,51,4,3
460,102,4,3
424,124,4,3
405,59,4,3
469,76,4,3
458,41,4,3
479,103,4,3
373,31,4,3
361,84,4,3
484,54,4,3
440,128,4,3
445,101,4,3
396,27,4,3
458,18,4,3
411,13,4,3
442,63,4,3
472,107,4,3
412,21,4,3
428,29,4,3
369,45,4,3
432,36,4,3
362,80,4,3
461,57,4,3
416,31,4,3
392,16,4,3
422,128,4,3
485,81,4,3
369,69,4,3
433,125,4,3
435,107,4,3
408,119,4,3
459,21,4,3
411,41,4,3
354,81,4,3
378,46,4,3
442,60,4,3
388,35,4,3
375,64,4,3
374,114,4,3
406,121,4,3
373,73,4,3
412,47,4,3
376,73,4,3
380,128,4,3
410,66,4,3
395,95,4,3
428,113,4,3
473,80,4,3
413,48,4,3
463,45,4,3
428,74,4,3
363,42,4,3
429,44,4,3
371,20,4,3
377,101,4,3
459,48,4,3
448,102,4,3
441,69,4,3
418,50,4,3
478,101,4,3
431,46,4,3
451,133,4,3
420,21,4,3
354,81,4,3
398,10,4,3
417,134,4,3
370,62,4,3
452,88,4,3
454,81,4,3
452,87,4,3
451,101,4,3
448,61,4,3
397,11,4,3
388,84,4,3
412,54,4,3
466,53,4,3
373,100,4,3
461,107,4,3
427,31,4,3
426,101,4,3
414,101,4,3
394,80,4,3
391,129,4,3
463,73,4,3
436,77,4,3
457,102,4,3
450,45,4,3
455,75,4,3
373,47,4,3
400,16,4,3
448,99,4,3
388,101,4,3
468,87,4,3
438,52,4,3
451,71,4,3
447,35,4,3
377,123,4,3
457,89,4,3
390,89,4,3
377,21,4,3
402,58,4,3
468,44,4,3
414,17,4,3
425,15,4,3
448,18,4,3
440,123,4,3
395,108,4,3
407,91,4,3
452,20,4,3
395,98,4,3
447,81,4,3
375,27,4,3
371,66,4,3
369,60,4,3
466,94,4,3
384,109,4,3
378,39,4,3
456,67,4,3
362,67,4,3
396,63,4,3
371,84,4,3
470,43,4,3
453,69,4,3
461,20,4,3
391,19,4,3
372,50,4,3
377,40,4,3
480,59,4,3
464,28,4,3
432,50,4,3
424,128,4,3
462,24,4,3
398,78,4,3
396,119,4,3
437,116,4,3
368,53,4,3
420,95,4,3
435,36,4,3
386,95,4,3
430,1,4,3
418,71,4,3
372,73,4,3
387,47,4,3
405,71,4,3
361,87,4,3
465,64,4,3
377,114,4,3
400,45,4,3
368,88,4,3
420,77,4,3
469,66,4,3
382,104,4,3
384,104,4,3
452,87,4,3
446,47,4,3
430,19,4,3
423,101,4,3
435,135,4,3
394,100,4,3
447,60,4,3
369,59,4,3
378,41,4,3
370,45,4,3
452,129,4,3
408,64,4,3
388,55,4,3
375,111,4,3
358,88,4,3
424,78,4,3
438,62,4,3
372,27,4,3
449,100,4,3
475,70,4,3
426,31,4,3
462,62,4,3
373,55,4,3
394,112,4,3
488,90,4,3
455,40,4,3
451,20,4,3
379,98,4,3
384,72,4,3
390,97,4,3
449,41,4,3
474,35,4,3
425,81,4,3
457,92,4,3
402,53,4,3
363,86,4,3
424,30,4,3
406,51,4,3
478,90,4,3
429,77,4,3
374,92,4,3
474,82,4,3
375,66,4,3
412,77,4,3
432,52,4,3
472,101,4,3
452,121,4,3
464,61,4,3
446,103,4,3
440,88,4,3
454,46,4,3
370,36,4,3
444,24,4,3
395,119,4,3
368,101,4,3
424,4,4,3
410,39,4,3
463,50,4,3
435,118,4,3
457,21,4,3
462,71,4,3
455,23,4,3
459,52,4,3
370,72,4,3
412,113,4,3
440,124,4,3
440,49,4,3
366,79,4,3
432,128,4,3
436,35,4,3
461,117,4,3
394,131,4,3
434,128,4,3
441,84,4,3
371,34,4,3
388,68,4,3
419,71,4,3
401,71,4,3
450,115,4,3
422,68,4,3
476,72,4,3
397,96,4,3
409,99,4,3
449,44,4,3
362,93,4,3
415,42,4,3
462,113,4,3
394,118,4,3
444,29,4,3
397,26,4,3
445,128,4,3
373,54,4,3
376,113,4,3
477,95,4,3
430,108,4,3
445,84,4,3
463,40,4,3
462,22,4,3
405,63,4,3
391,72,4,3
376,38,4,3
428,72,4,3
399,61,4,3
425,137,4,3
440,48,4,3
447,134,4,3
464,109,4,3
468,73,4,3
462,21,4,3
384,93,4,3
357,62,4,3
367,29,4,3
451,80,4,3
397,121,4,3
469,84,4,3
419,107,4,3
424,10,4,3
448,26,4,3
445,52,4,3
394,128,4,3
399,105,4,3
441,127,4,3
438,65,4,3
375,76,4,3
372,111,4,3
387,23,4,3
440,39,4,3
407,134,4,3
385,57,4,3
372,79,4,3
420,99,4,3
374,89,4,3
453,23,4,3
383,47,4,3
456,114,4,3
366,82,4,3
441,95,4,3
448,87,4,3
445,113,4,3
445,93,4,3
433,9,4,3
435,111,4,3
360,87,4,3
465,34,4,3
402,96,4,3
419,122,4,3
470,108,4,3
423,111,4,3
387,51,4,3
429,27,4,3
387,42,4,3
390,69,4,3
426,87,4,3
428,46,4,3
460,117,4,3
375,19,4,3
407,19,4,3
435,31,4,3
461,111,4,3
407,91,4,3
439,19,4,3
403,91,4,3
397,45,4,3
464,90,4,3
382,56,4,3
436,20,4,3
419,11,4,3
404,128,4,3
477,80,4,3
363,76,4,3
439,63,4,3
427,45,4,3
478,55,4,3
482,97,4,3
444,64,4,3
477,105,4,3
408,107,4,3
465,65,4,3
402,48,4,3
444,70,4,3
385,36,4,3
405,19,4,3
424,74,4,3
392,35,4,3
439,132,4,3
362,48,4,3
472,33,4,3
375,104,4,3
393,54,4,3
451,75,4,3
433,99,4,3
428,123,4,3
476,66,4,3
399,98,4,3
456,34,4,3
385,14,4,3
456,54,4,3
170,385,5,4
165,404,5,4
206,354,5,4
207,350,5,4
155,372,5,4
178,346,5,4
125,364,5,4
182,292,5,4
230,363,5,4
233,321,5,4
236,356,5,4
198,370,5,4
247,334,5,4
131,372,5,4
143,317,5,4
221,331,5,4
207,330,5,4
149,379,5,4
204,317,5,4
214,397,5,4
191,384,5,4
186,304,5,4
210,402,5,4
183,421,5,4
217,381,5,4
168,304,5,4
229,356,5,4
254,376,5,4
177,370,5,4
178,387,5,4
182,419,5,4
232,360,5,4
144,382,5,4
184,359,5,4
207,385,5,4
203,336,5,4
181,312,5,4
227,355,5,4
238,381,5,4
213,414,5,4
233,383,5,4
212,303,5,4
144,405,5,4
189,339,5,4
251,331,5,4
237,397,5,4
247,371,5,4
247,349,5,4
233,398,5,4
194,320,5,4
209,322,5,4
237,380,5,4
214,365,5,4
178,357,5,4
238,355,5,4
197,340,5,4
132,332,5,4
185,290,5,4
190,311,5,4
196,330,5,4
155,334,5,4
213,392,5,4
125,371,5,4
226,323,5,4
195,414,5,4
244,365,5,4
192,414,5,4
161,357,5,4
251,395,5,4
147,322,5,4
225,344,5,4
191,323,5,4
226,400,5,4
156,351,5,4
173,405,5,4
142,357,5,4
223,385,5,4
181,306,5,4
201,347,5,4
194,290,5,4
136,359,5,4
203,318,5,4
202,298,5,4
173,293,5,4
131,384,5,4
186,382,5,4
183,308,5,4
246,346,5,4
143,334,5,4
206,421,5,4
127,356,5,4
206,382,5,4
239,324,5,4
216,418,5,4
193,301,5,4
183,370,5,4
197,298,5,4
224,350,5,4
230,334,5,4
209,304,5,4
140,356,5,4
209,337,5,4
181,299,5,4
199,378,5,4
231,303,5,4
238,360,5,4
179,388,5,4
205,366,5,4
175,318,5,4
181,321,5,4
232,341,5,4
168,400,5,4
206,294,5,4
152,322,5,4
228,384,5,4
212,319,5,4
222,356,5,4
182,313,5,4
158,320,5,4
184,338,5,4
216,412,5,4
199,393,5,4
195,355,5,4
140,331,5,4
152,327,5,4
257,347,5,4
156,373,5,4
216,374,5,4
258,355,5,4
148,373,5,4
135,316,5,4
158,327,5,4
137,349,5,4
161,384,5,4
197,415,5,4
189,401,5,4
226,349,5,4
179,303,5,4
188,307,5,4
256,339,5,4
197,386,5,4
249,362,5,4
208,329,5,4
183,345,5,4
192,363,5,4
155,359,5,4
177,385,5,4
237,403,5,4
258,368,5,4
168,329,5,4
148,404,5,4
209,401,5,4
210,300,5,4
192,386,5,4
213,353,5,4
245,386,5,4
169,309,5,4
193,376,5,4
233,394,5,4
149,311,5,4
132,321,5,4
166,373,5,4
140,358,5,4
194,386,5,4
190,421,5,4
195,305,5,4
176,325,5,4
227,398,5,4
179,327,5,4
256,377,5,4
250,386,5,4
188,329,5,4
202,397,5,4
216,344,5,4
194,339,5,4
219,386,5,4
200,309,5,4
139,315,5,4
151,403,5,4
197,397,5,4
171,300,5,4
192,289,5,4
221,318,5,4
145,372,5,4
153,410,5,4
181,421,5,4
211,369,5,4
204,362,5,4
213,398,5,4
211,326,5,4
221,306,5,4
188,323,5,4
231,411,5,4
163,408,5,4
175,291,5,4
237,321,5,4
210,334,5,4
183,327,5,4
228,341,5,4
191,379,5,4
203,308,5,4
195,303,5,4
161,305,5,4
128,340,5,4
150,363,5,4
201,336,5,4
147,379,5,4
149,373,5,4
170,295,5,4
160,324,5,4
172,395,5,4
241,387,5,4
197,351,5,4
170,306,5,4
151,341,5,4
234,311,5,4
175,376,5,4
191,414,5,4
137,343,5,4
150,384,5,4
184,298,5,4
241,381,5,4
200,293,5,4
124,361,5,4
175,417,5,4
211,329,5,4
251,390,5,4
141,350,5,4
147,336,5,4
153,406,5,4
125,360,5,4
181,309,5,4
167,316,5,4
172,309,5,4
171,413,5,4
165,375,5,4
218,363,5,4
218,334,5,4
212,407,5,4
157,337,5,4
137,329,5,4
167,391,5,4
248,329,5,4
242,368,5,4
191,407,5,4
137,355,5,4
184,395,5,4
190,383,5,4
182,400,5,4
197,345,5,4
186,340,5,4
172,409,5,4
187,419,5,4
155,336,5,4
146,320,5,4
158,411,5,4
173,363,5,4
142,319,5,4
159,377,5,4
226,345,5,4
196,360,5,4
168,299,5,4
166,313,5,4
169,382,5,4
219,327,5,4
204,387,5,4
164,310,5,4
190,329,5,4
217,303,5,4
191,324,5,4
210,299,5,4
192,413,5,4
224,409,5,4
205,380,5,4
257,337,5,4
220,335,5,4
170,346,5,4
140,346,5,4
170,344,5,4
195,380,5,4
168,407,5,4
181,317,5,4
200,372,5,4
246,373,5,4
180,319,5,4
148,361,5,4
197,385,5,4
200,348,5,4
191,418,5,4
219,370,5,4
161,325,5,4
240,324,5,4
133,360,5,4
182,417,5,4
138,357,5,4
141,321,5,4
135,354,5,4
212,368,5,4
226,389,5,4
193,353,5,4
211,404,5,4
236,321,5,4
185,374,5,4
256,374,5,4
189,322,5,4
247,368,5,4
165,337,5,4
142,366,5,4
168,316,5,4
155,359,5,4
185,395,5,4
172,420,5,4
218,390,5,4
220,299,5,4
238,362,5,4
185,305,5,4
211,403,5,4
210,386,5,4
201,403,5,4
166,310,5,4
158,379,5,4
221,408,5,4
222,363,5,4
190,340,5,4
202,331,5,4
201,334,5,4
170,350,5,4
173,322,5,4
215,369,5,4
166,404,5,4
223,412,5,4
209,295,5,4
131,325,5,4
233,389,5,4
209,421,5,4
156,410,5,4
180,378,5,4
232,359,5,4
155,415,5,4
128,369,5,4
146,368,5,4
141,343,5,4
180,409,5,4
244,331,5,4
228,340,5,4
236,339,5,4
206,422,5,4
191,347,5,4
142,349,5,4
180,401,5,4
158,369,5,4
248,347,5,4
189,310,5,4
154,317,5,4
204,291,5,4
163,405,5,4
189,350,5,4
179,401,5,4
130,341,5,4
169,381,5,4
225,400,5,4
144,327,5,4
156,332,5,4
236,340,5,4
154,323,5,4
128,336,5,4
211,404,5,4
133,317,5,4
227,392,5,4
163,416,5,4
160,303,5,4
197,292,5,4
160,390,5,4
205,296,5,4
128,341,5,4
211,380,5,4
198,335,5,4
190,398,5,4
144,313,5,4
172,363,5,4
146,332,5,4
209,320,5,4
245,349,5,4
143,391,5,4
158,394,5,4
174,396,5,4
142,372,5,4
187,288,5,4
222,326,5,4
195,409,5,4
149,311,5,4
155,346,5,4
205,307,5,4
237,341,5,4
205,367,5,4
244,322,5,4
198,356,5,4
168,399,5,4
218,331,5,4
136,334,5,4
208,393,5,4
130,362,5,4
220,371,5,4
194,360,5,4
239,395,5,4
213,420,5,4
154,342,5,4
144,392,5,4
204,419,5,4
226,352,5,4
164,392,5,4
130,347,5,4
240,351,5,4
169,388,5,4
192,380,5,4
211,356,5,4
221,341,5,4
205,353,5,4
140,366,5,4
181,294,5,4
199,331,5,4
180,405,5,4
237,325,5,4
214,338,5,4
135,360,5,4
230,391,5,4
253,371,5,4
138,319,5,4
222,407,5,4
176,287,5,4
184,341,5,4
254,332,5,4
243,347,5,4
212,366,5,4
188,291,5,4
133,339,5,4
211,338,5,4
155,351,5,4
191,364,5,4
231,387,5,4
182,336,5,4
201,306,5,4
219,384,5,4
241,331,5,4
252,392,5,4
219,399,5,4
168,401,5,4
217,398,5,4
146,399,5,4
145,332,5,4
156,342,5,4
166,388,5,4
163,324,5,4
241,385,5,4
246,320,5,4
176,323,5,4
173,325,5,4
205,393,5,4
209,365,5,4
239,397,5,4
191,350,5,4
232,381,5,4
224,308,5,4
225,327,5,4
256,344,5,4
134,319,5,4
193,374,5,4
197,385,5,4
177,394,5,4
144,383,5,4
151,324,5,4
161,397,5,4
164,386,5,4
142,393,5,4
230,372,5,4
173,359,5,4
175,329,5,4
205,298,5,4
218,349,5,4
213,373,5,4
149,384,5,4
240,328,5,4
202,414,5,4
177,295,5,4
250,340,5,4
230,390,5,4
196,306,5,4
225,378,5,4
218,376,5,4
219,406,5,4
180,420,5,4
208,400,5,4
213,299,5,4
233,305,5,4
191,374,5,4
162,325,5,4
198,300,5,4
187,312,5,4
201,337,5,4
124,355,5,4
187,357,5,4
185,309,5,4
237,391,5,4
206,297,5,4
260,338,5,4
131,383,5,4
199,414,5,4
227,413,5,4
165,336,5,4
176,407,5,4
222,334,5,4
241,383,5,4
223,410,5,4
133,379,5,4
188,344,5,4
158,415,5,4
157,346,5,4
228,342,5,4
150,386,5,4
179,421,5,4
250,396,5,4
123,364,5,4
152,405,5,4
220,411,5,4
169,398,5,4
181,367,5,4
186,415,5,4
218,386,5,4
143,355,5,4
153,363,5,4
203,361,5,4
155,366,5,4
201,371,5,4
158,416,5,4
206,343,5,4
246,385,5,4
201,405,5,4
155,348,5,4
177,350,5,4
143,373,5,4
249,370,5,4
167,382,5,4
221,295,5,4
203,377,5,4
168,395,5,4
250,323,5,4
145,366,5,4
144,391,5,4
151,399,5,4
247,378,5,4
193,407,5,4
188,320,5,4
129,378,5,4
210,415,5,4
186,322,5,4
203,328,5,4
191,388,5,4
236,324,5,4
215,381,5,4
164,332,5,4
204,294,5,4
251,346,5,4
176,363,5,4
123,362,5,4
161,372,5,4
253,374,5,4
220,412,5,4
168,370,5,4
133,335,5,4
169,397,5,4
211,385,5,4
179,414,5,4
208,344,5,4
141,343,5,4
207,373,5,4
228,360,5,4
162,317,5,4
240,399,5,4
169,385,5,4
180,303,5,4
188,345,5,4
198,316,5,4
162,362,5,4
176,399,5,4
185,415,5,4
183,289,5,4
215,293,5,4
168,320,5,4
166,379,5,4
148,361,5,4
201,380,5,4
228,322,5,4
201,330,5,4
210,309,5,4
216,360,5,4
216,367,5,4
141,331,5,4
256,359,5,4
184,289,5,4
197,397,5,4
234,374,5,4
141,375,5,4
162,363,5,4
224,381,5,4
251,363,5,4
158,374,5,4
175,294,5,4
164,305,5,4
223,406,5,4
168,419,5,4
234,388,5,4
234,404,5,4
257,345,5,4
247,336,5,4
254,355,5,4
190,297,5,4
177,297,5,4
170,358,5,4
132,330,5,4
164,367,5,4
204,297,5,4
222,300,5,4
240,318,5,4
151,337,5,4
209,342,5,4
131,340,5,4
175,388,5,4
181,326,5,4
144,382,5,4
225,303,5,4
152,381,5,4
165,361,5,4
168,321,5,4
259,337,5,4
159,367,5,4
201,399,5,4
193,358,5,4
197,368,5,4
226,343,5,4
213,420,5,4
176,378,5,4
183,302,5,4
134,333,5,4
161,394,5,4
227,390,5,4
149,314,5,4
144,347,5,4
191,359,5,4
193,312,5,4
131,361,5,4
228,339,5,4
236,384,5,4
220,300,5,4
186,348,5,4
218,363,5,4
177,399,5,4
135,337,5,4
204,400,5,4
146,393,5,4
202,382,5,4
239,359,5,4
258,355,5,4
233,367,5,4
251,383,5,4
156,306,5,4
203,355,5,4
200,407,5,4
158,358,5,4
204,425,5,4
207,322,5,4
150,343,5,4
239,392,5,4
212,378,5,4
150,336,5,4
167,358,5,4
144,326,5,4
169,299,5,4
210,295,5,4
172,346,5,4
242,348,5,4
239,359,5,4
230,404,5,4
179,415,5,4
168,315,5,4
127,379,5,4
220,341,5,4
238,312,5,4
152,322,5,4
195,355,5,4
151,354,5,4
149,380,5,4
243,326,5,4
250,373,5,4
205,332,5,4
192,367,5,4
244,371,5,4
220,418,5,4
176,358,5,4
254,329,5,4
155,397,5,4
170,349,5,4
253,347,5,4
177,334,5,4
174,332,5,4
222,320,5,4
187,413,5,4
223,304,5,4
198,401,5,4
167,336,5,4
165,315,5,4
134,385,5,4
170,340,5,4
214,340,5,4
190,309,5,4
76,119,6,5
99,116,6,5
77,114,6,5
62,42,6,5
134,83,6,5
54,62,6,5
122,140,6,5
72,150,6,5
120,111,6,5
105,122,6,5
88,128,6,5
57,72,6,5
112,113,6,5
131,116,6,5
72,160,6,5
36,75,6,5
68,72,6,5
113,98,6,5
37,128,6,5
116,63,6,5
123,89,6,5
33,119,6,5
93,118,6,5
34,91,6,5
93,159,6,5
124,137,6,5
50,145,6,5
102,64,6,5
83,133,6,5
88,139,6,5
106,75,6,5
83,76,6,5
80,56,6,5
70,95,6,5
95,119,6,5
84,118,6,5
104,73,6,5
43,90,6,5
87,35,6,5
127,120,6,5
127,76,6,5
118,89,6,5
126,108,6,5
66,62,6,5
79,125,6,5
112,154,6,5
65,132,6,5
68,132,6,5
96,93,6,5
24,79,6,5
92,138,6,5
86,62,6,5
84,78,6,5
69,36,6,5
28,119,6,5
131,69,6,5
45,111,6,5
119,133,6,5
79,47,6,5
77,66,6,5
107,99,6,5
78,88,6,5
86,120,6,5
133,118,6,5
142,70,6,5
71,66,6,5
86,148,6,5
79,139,6,5
42,142,6,5
131,64,6,5
60,109,6,5
104,77,6,5
120,129,6,5
32,73,6,5
107,98,6,5
41,84,6,5
62,109,6,5
46,112,6,5
102,70,6,5
35,114,6,5
44,123,6,5
131,103,6,5
38,74,6,5
90,78,6,5
78,139,6,5
43,142,6,5
59,113,6,5
115,73,6,5
62,72,6,5
109,56,6,5
56,148,6,5
18,79,6,5
41,106,6,5
86,68,6,5
98,56,6,5
103,80,6,5
107,58,6,5
142,82,6,5
45,61,6,5
145,91,6,5
135,103,6,5
54,71,6,5
62,46,6,5
132,110,6,5
129,129,6,5
56,159,6,5
65,140,6,5
106,154,6,5
102,125,6,5
112,84,6,5
126,129,6,5
70,143,6,5
61,77,6,5
95,92,6,5
129,64,6,5
81,35,6,5
38,112,6,5
104,122,6,5
59,108,6,5
29,88,6,5
92,69,6,5
111,134,6,5
140,93,6,5
44,154,6,5
84,127,6,5
110,60,6,5
60,105,6,5
78,129,6,5
56,62,6,5
130,127,6,5
99,150,6,5
29,81,6,5
87,78,6,5
87,64,6,5
117,135,6,5
89,82,6,5
34,67,6,5
113,95,6,5
107,140,6,5
70,122,6,5
73,43,6,5
76,150,6,5
114,155,6,5
58,151,6,5
41,131,6,5
84,152,6,5
82,64,6,5
46,90,6,5
40,77,6,5
67,43,6,5
57,83,6,5
27,104,6,5
128,88,6,5
64,50,6,5
111,67,6,5
32,120,6,5
37,110,6,5
106,89,6,5
61,156,6,5
115,115,6,5
37,128,6,5
18,93,6,5
39,69,6,5
56,56,6,5
35,84,6,5
100,59,6,5
111,54,6,5
59,131,6,5
98,153,6,5
53,70,6,5
143,93,6,5
59,115,6,5
114,85,6,5
71,79,6,5
56,139,6,5
118,150,6,5
44,108,6,5
108,67,6,5
106,138,6,5
101,150,6,5
108,122,6,5
127,100,6,5
80,39,6,5
54,76,6,5
48,135,6,5
110,54,6,5
39,121,6,5
134,71,6,5
109,115,6,5
50,52,6,5
63,139,6,5
98,68,6,5
77,81,6,5
62,113,6,5
74,33,6,5
107,47,6,5
96,157,6,5
74,86,6,5
40,106,6,5
85,80,6,5
121,152,6,5
109,133,6,5
50,70,6,5
135,105,6,5
72,60,6,5
97,138,6,5
112,96,6,5
104,97,6,5
84,58,6,5
34,73,6,5
96,46,6,5
124,82,6,5
142,99,6,5
57,64,6,5
67,54,6,5
41,127,6,5
97,65,6,5
73,121,6,5
53,71,6,5
67,69,6,5
80,43,6,5
52,55,6,5
84,72,6,5
86,111,6,5
97,144,6,5
74,136,6,5
71,85,6,5
38,136,6,5
104,70,6,5
125,113,6,5
73,62,6,5
35,77,6,5
86,58,6,5
52,145,6,5
37,76,6,5
126,94,6,5
51,58,6,5
84,120,6,5
70,55,6,5
33,122,6,5
86,148,6,5
116,100,6,5
60,54,6,5
64,75,6,5
83,121,6,5
96,42,6,5
53,108,6,5
144,87,6,5
87,117,6,5
97,72,6,5
120,81,6,5
106,75,6,5
123,97,6,5
55,63,6,5
90,83,6,5
116,89,6,5
65,114,6,5
94,150,6,5
124,95,6,5
125,133,6,5
93,63,6,5
61,68,6,5
80,150,6,5
27,107,6,5
67,95,6,5
66,158,6,5
66,88,6,5
81,103,6,5
74,136,6,5
41,142,6,5
93,108,6,5
118,120,6,5
62,74,6,5
114,101,6,5
110,107,6,5
107,111,6,5
87,64,6,5
29,107,6,5
136,123,6,5
74,35,6,5
50,129,6,5
80,81,6,5
42,123,6,5
142,108,6,5
94,74,6,5
99,44,6,5
115,58,6,5
46,110,6,5
82,35,6,5
104,120,6,5
75,77,6,5
53,101,6,5
99,71,6,5
139,88,6,5
103,133,6,5
72,79,6,5
68,140,6,5
77,58,6,5
137,72,6,5
74,151,6,5
37,75,6,5
23,103,6,5
124,76,6,5
81,67,6,5
119,80,6,5
111,90,6,5
56,129,6,5
81,145,6,5
107,89,6,5
53,54,6,5
91,80,6,5
39,72,6,5
122,84,6,5
116,77,6,5
94,59,6,5
81,138,6,5
65,149,6,5
53,155,6,5
54,58,6,5
53,127,6,5
51,137,6,5
114,108,6,5
19,100,6,5
67,139,6,5
126,127,6,5
91,81,6,5
79,149,6,5
68,160,6,5
72,121,6,5
55,55,6,5
85,45,6,5
76,146,6,5
16,87,6,5
52,146,6,5
76,154,6,5
84,42,6,5
110,145,6,5
57,49,6,5
105,92,6,5
74,128,6,5
85,150,6,5
129,130,6,5
91,150,6,5
84,89,6,5
114,60,6,5
53,156,6,5
81,110,6,5
97,89,6,5
55,95,6,5
61,50,6,5
36,97,6,5
50,96,6,5
113,109,6,5
70,41,6,5
51,144,6,5
96,117,6,5
21,76,6,5
120,156,6,5
126,93,6,5
49,71,6,5
73,123,6,5
104,128,6,5
43,60,6,5
74,100,6,5
104,52,6,5
59,46,6,5
136,89,6,5
31,119,6,5
36,80,6,5
75,148,6,5
113,114,6,5
140,99,6,5
99,145,6,5
112,69,6,5
90,68,6,5
117,54,6,5
123,90,6,5
83,85,6,5
92,150,6,5
68,107,6,5
122,145,6,5
22,99,6,5
130,62,6,5
59,160,6,5
65,142,6,5
110,91,6,5
52,66,6,5
81,95,6,5
21,82,6,5
30,93,6,5
139,101,6,5
109,89,6,5
84,129,6,5
54,143,6,5
75,68,6,5
99,105,6,5
108,90,6,5
69,41,6,5
130,82,6,5
97,138,6,5
108,52,6,5
83,128,6,5
101,128,6,5
38,93,6,5
52,128,6,5
90,86,6,5
63,84,6,5
62,131,6,5
39,112,6,5
134,107,6,5
84,85,6,5
77,60,6,5
140,106,6,5
112,74,6,5
139,72,6,5
42,73,6,5
115,101,6,5
146,87,6,5
67,152,6,5
68,74,6,5
101,81,6,5
94,87,6,5
116,108,6,5
54,147,6,5
94,134,6,5
80,46,6,5
29,86,6,5
83,132,6,5
80,50,6,5
104,78,6,5
145,86,6,5
97,42,6,5
29,82,6,5
80,79,6,5
84,89,6,5
30,87,6,5
74,104,6,5
39,115,6,5
64,132,6,5
137,118,6,5
69,118,6,5
77,139,6,5
88,109,6,5
132,119,6,5
56,137,6,5
50,58,6,5
59,82,6,5
88,57,6,5
92,114,6,5
144,91,6,5
34,133,6,5
85,139,6,5
67,59,6,5
73,85,6,5
47,108,6,5
39,63,6,5
79,31,6,5
27,90,6,5
43,123,6,5
58,46,6,5
36,66,6,5
22,93,6,5
128,71,6,5
101,46,6,5
59,71,6,5
102,89,6,5
17,84,6,5
76,131,6,5
96,159,6,5
92,121,6,5
55,100,6,5
69,139,6,5
18,90,6,5
123,92,6,5
22,103,6,5
93,59,6,5
45,127,6,5
118,96,6,5
79,105,6,5
66,151,6,5
108,57,6,5
81,101,6,5
105,68,6,5
37,96,6,5
28,81,6,5
86,52,6,5
105,152,6,5
30,72,6,5
78,153,6,5
38,127,6,5
29,73,6,5
25,96,6,5
71,139,6,5
50,153,6,5
40,142,6,5
121,78,6,5
75,83,6,5
104,64,6,5
61,122,6,5
49,134,6,5
80,156,6,5
120,125,6,5
114,89,6,5
98,155,6,5
60,107,6,5
117,64,6,5
69,75,6,5
32,129,6,5
145,71,6,5
83,53,6,5
122,112,6,5
73,82,6,5
81,36,6,5
66,93,6,5
46,90,6,5
63,86,6,5
58,136,6,5
93,132,6,5
80,50,6,5
108,67,6,5
52,143,6,5
50,74,6,5
75,62,6,5
61,135,6,5
67,73,6,5
67,74,6,5
95,58,6,5
41,70,6,5
116,157,6,5
64,89,6,5
82,86,6,5
92,44,6,5
130,105,6,5
86,49,6,5
118,100,6,5
54,142,6,5
97,116,6,5
63,57,6,5
83,60,6,5
55,121,6,5
62,114,6,5
112,65,6,5
34,70,6,5
130,154,6,5
46,142,6,5
101,125,6,5
30,84,6,5
109,126,6,5
51,133,6,5
123,76,6,5
85,100,6,5
110,61,6,5
47,109,6,5
65,68,6,5
99,58,6,5
75,155,6,5
111,123,6,5
48,79,6,5
136,124,6,5
34,84,6,5
105,153,6,5
142,74,6,5
51,101,6,5
33,133,6,5
89,117,6,5
52,68,6,5
110,139,6,5
73,101,6,5
100,86,6,5
80,154,6,5
21,84,6,5
41,100,6,5
37,125,6,5
87,97,6,5
76,77,6,5
68,111,6,5
57,105,6,5
120,140,6,5
80,108,6,5
70,152,6,5
60,151,6,5
93,129,6,5
74,148,6,5
96,88,6,5
42,105,6,5
116,148,6,5
127,156,6,5
69,119,6,5
77,83,6,5
43,135,6,5
84,56,6,5
126,112,6,5
114,153,6,5
102,146,6,5
27,73,6,5
67,112,6,5
140,83,6,5
84,69,6,5
46,158,6,5
46,125,6,5
114,52,6,5
92,71,6,5
95,93,6,5
122,63,6,5
59,138,6,5
42,65,6,5
122,136,6,5
129,71,6,5
96,93,6,5
28,82,6,5
58,57,6,5
122,100,6,5
119,67,6,5
71,132,6,5
62,132,6,5
66,45,6,5
89,97,6,5
122,104,6,5
113,91,6,5
94,74,6,5
75,131,6,5
108,76,6,5
63,156,6,5
65,128,6,5
92,53,6,5
31,81,6,5
60,68,6,5
127,96,6,5
77,148,6,5
40,106,6,5
144,75,6,5
79,90,6,5
136,91,6,5
102,143,6,5
78,31,6,5
44,67,6,5
119,85,6,5
69,40,6,5
101,112,6,5
100,129,6,5
122,122,6,5
77,124,6,5
57,134,6,5
28,83,6,5
52,66,6,5
36,139,6,5
145,74,6,5
107,73,6,5
70,101,6,5
121,60,6,5
95,90,6,5
83,84,6,5
120,138,6,5
94,65,6,5
24,93,6,5
55,130,6,5
67,91,6,5
107,118,6,5
53,89,6,5
105,54,6,5
26,94,6,5
62,47,6,5
54,66,6,5
111,100,6,5
42,117,6,5
119,66,6,5
81,98,6,5
58,158,6,5
122,148,6,5
34,108,6,5
106,112,6,5
69,108,6,5
119,148,6,5
94,74,6,5
81,33,6,5
70,119,6,5
44,155,6,5
91,131,6,5
30,79,6,5
127,124,6,5
128,142,6,5
30,74,6,5
92,130,6,5
49,95,6,5
61,119,6,5
131,70,6,5
100,133,6,5
72,153,6,5
91,58,6,5
50,77,6,5
110,75,6,5
118,79,6,5
68,137,6,5
99,82,6,5
143,98,6,5
124,88,6,5
71,126,6,5
51,81,6,5
82,73,6,5
99,66,6,5
113,94,6,5
125,114,6,5
65,67,6,5
98,119,6,5
127,80,6,5
83,33,6,5
125,77,6,5
106,113,6,5
57,157,6,5
102,111,6,5
111,80,6,5
73,152,6,5
93,108,6,5
132,79,5,5
367,458,0,-1
76,404,0,-1
61,365,0,-1
432,205,1,2
76,391,0,-1
287,91,0,7
108,15,0,-1
400,274,1,2
272,341,0,-1
17,460,0,-1
363,451,0,2
118,187,0,-1
188,315,4,4
283,285,0,-1
228,44,0,-1
135,397,0,4
441,87,3,3
63,314,0,-1
86,119,5,5
375,411,2,2
424,433,2,2
461,413,2,2
384,218,1,2
133,198,0,-1
203,204,0,1
29,144,0,5
354,188,0,2
283,305,0,-1
128,171,0,-1
126,413,0,-1
77,279,0,-1
137,369,4,4
455,372,2,2
408,472,0,-1
115,187,0,-1
228,409,4,4
438,261,1,2
413,412,2,2
402,358,2,2
270,134,0,-1
232,395,4,4
381,57,3,3
190,354,4,4
390,142,0,3
57,184,0,-1
311,254,0,-1
0,332,0,-1
180,442,0,-1
441,130,3,3
397,43,3,3
441,112,3,3
156,179,0,-1
116,19,0,-1
152,368,4,4
182,331,4,4
116,122,5,5
444,439,2,2
356,489,0,-1
435,161,0,-1
461,223,0,2
215,362,4,4
188,417,4,4
233,396,4,4
442,75,3,3
218,406,4,4
349,95,0,-1
438,436,2,2
181,390,4,4
211,87,0,-1
203,402,4,4
183,275,0,4
170,292,4,4
435,198,1,2
413,75,3,3
338,415,0,-1
168,201,0,1
337,22,0,-1
260,46,0,-1
2,287,0,-1
164,226,0,1
418,407,2,2
283,418,0,-1
257,25,0,-1
4,156,0,-1
180,465,0,-1
301,257,0,-1
378,261,1,2
299,101,0,6
140,41,0,-1
306,306,0,-1
202,431,0,4
32,228,0,-1
342,210,1,2
147,471,0,-1
136,121,5,5
66,310,0,-1
2,240,0,-1
208,165,0,1
286,67,0,-1
128,449,0,-1
363,146,0,-1
376,272,1,2
303,461,0,-1
260,248,0,1
461,239,1,2
403,375,2,2
137,290,0,-1
461,287,0,-1
400,174,0,2
131,383,4,4
275,180,0,1
29,204,0,-1
495,237,0,-1
342,262,1,2
406,34,3,3
131,150,5,5
493,222,0,-1
428,472,0,-1
136,429,0,-1
347,298,1,2
477,468,0,-1
150,329,4,4
180,410,4,4
302,304,0,-1
77,134,5,5
280,331,0,-1
176,304,4,4
384,488,0,-1
365,475,0,-1
343,425,0,2
340,62,0,-1
458,21,3,3
222,42,0,-1
491,176,0,-1
339,116,0,-1
413,143,0,3
112,118,5,5
490,206,0,-1
197,243,0,1
434,53,3,3
343,89,0,3
282,375,0,-1
372,271,1,2
412,443,2,2
40,496,0,-1
479,24,0,3
350,224,1,2
439,293,1,2
37,9,0,-1
409,406,2,2
454,267,1,2
493,129,0,-1
420,261,1,2
448,69,3,3
154,55,0,-1
254,289,0,-1
144,192,0,-1
349,384,2,2
191,94,0,-1
424,407,2,2
477,92,3,3
179,196,0,1
203,84,0,-1
312,186,0,-1
88,485,0,-1
346,106,0,-1
386,1,0,-1
353,186,0,2
462,112,3,3
462,3,0,3
176,43,0,-1
490,411,0,-1
119,90,5,5
253,5,0,-1
256,250,0,1
423,94,3,3
166,346,4,4
350,154,0,-1
479,205,0,-1
203,79,0,-1
84,119,5,5
20,277,0,-1
263,198,0,1
401,59,3,3
480,171,0,-1
265,486,0,-1
476,400,2,2
291,82,0,7
169,24,0,-1
243,46,0,-1
96,96,5,5
102,304,0,-1
384,416,2,2
173,307,4,4
350,236,1,2
162,65,0,-1
445,110,3,3
432,493,0,-1
184,388,4,4
232,296,4,4
196,188,0,1
297,106,0,6
41,156,0,5
308,44,0,-1
382,499,0,-1
235,27,0,-1
236,242,0,1
183,331,4,4
239,372,4,4
143,19,0,-1
316,112,0,-1
198,450,0,-1
489,363,0,-1
1,92,0,-1
155,72,0,-1
16,38,0,-1
44,303,0,-1
224,345,4,4
16,68,0,5
163,494,0,-1
385,199,1,2
72,111,5,5
194,156,0,1
23,209,0,-1
377,421,2,2
105,262,0,-1
210,483,0,-1
105,217,0,-1
5,470,0,-1
190,247,0,1
153,242,0,-1
431,20,3,3
392,416,2,2
225,211,0,1
494,242,0,-1
25,126,0,5
43,20,0,-1
22,359,0,-1
168,61,0,-1
57,42,0,5
451,341,2,2
87,250,0,-1
368,233,1,2
222,392,4,4
54,103,5,5
260,207,0,1
396,232,1,2
73,298,0,-1
114,325,0,-1
285,334,0,-1
379,498,0,-1
415,441,2,2
102,348,0,-1
497,341,0,-1
183,283,0,4
458,220,1,2
175,184,0,1
275,361,0,-1
33,404,0,-1
420,66,3,3
457,259,1,2
136,274,0,-1
469,343,0,2
167,366,4,4
171,16,0,-1
457,166,0,-1
221,127,0,-1
190,437,0,-1
431,361,2,2
115,416,0,-1
2,352,0,-1
210,226,0,1
267,225,0,1
113,286,0,-1
150,37,0,-1
39,12,0,-1
448,324,0,-1
224,102,0,-1
339,156,0,-1
75,303,0,-1
140,400,0,4
495,193,0,-1
392,147,0,-1
384,39,3,3
378,47,3,3
417,250,1,2
419,453,2,2
58,433,0,-1
118,290,0,-1
97,278,0,-1
200,110,0,-1
452,28,3,3
470,395,2,2
257,486,0,-1
344,185,0,2
257,69,0,-1
382,408,2,2
179,295,4,4
73,317,0,-1
267,72,0,-1
404,267,1,2
60,83,5,5
72,266,0,-1
33,219,0,-1
376,59,3,3
346,272,1,2
84,465,0,-1
339,108,0,-1
105,399,0,-1
84,290,0,-1
131,336,4,4
58,294,0,-1
463,142,0,-1
499,197,0,-1
428,1,3,3
358,2,0,-1
431,244,1,2
283,333,0,-1
169,55,0,-1
267,387,0,-1
390,444,2,2
54,167,0,5
367,232,1,2
370,248,1,2
184,17,0,-1
483,138,0,-1
44,55,0,5
316,7,0,-1
167,3,0,-1
254,266,0,1
111,59,5,5
87,202,0,-1
308,86,0,-1
70,370,0,-1
101,295,0,-1
466,217,0,2
209,279,0,1
482,246,0,-1
343,66,0,-1
297,107,0,6
209,126,0,-1
385,63,3,3
373,449,2,2
434,245,1,2
262,223,0,1
482,279,0,-1
29,281,0,-1
336,259,1,2
359,267,1,2
286,65,0,-1
332,109,0,-1
429,313,0,2
435,28,3,3
371,24,3,3
470,181,0,-1
74,80,5,5
120,262,0,-1
293,81,0,7
461,150,0,-1
37,461,0,-1
379,82,3,3
326,190,0,-1
413,388,2,2
214,99,0,-1
235,129,0,-1
247,477,0,-1
207,428,0,4
72,221,0,-1
214,34,0,-1
261,153,0,1
370,22,3,3
382,327,0,2
255,424,0,-1
357,24,0,-1
416,485,0,-1
275,373,0,-1
252,342,4,4
496,99,0,-1
235,34,0,-1
49,195,0,-1
37,250,0,-1
131,60,0,5
124,186,0,-1
354,331,0,-1
79,229,0,-1
2,426,0,-1
9,270,0,-1
446,386,2,2
243,260,0,1
4,438,0,-1
453,109,3,3
93,144,5,5
3,349,0,-1
480,397,0,2
436,297,1,2
247,463,0,-1
407,55,3,3
214,95,0,-1
271,122,0,-1
140,487,0,-1
489,253,0,-1
173,159,0,1
273,10,0,-1
2,435,0,-1
464,453,0,-1
75,312,0,-1
47,138,5,5
414,221,1,2
454,254,1,2
84,208,0,-1
488,7,0,-1
276,284,0,-1
215,28,0,-1
39,427,0,-1
199,12,0,-1
245,480,0,-1
68,92,5,5
106,262,0,-1
394,430,2,2
394,305,1,2
228,18,0,-1
278,481,0,-1
407,316,0,2
373,400,2,2
173,73,0,-1
371,425,2,2
20,320,0,-1
456,346,2,2
312,490,0,-1
361,262,1,2
416,54,3,3
383,59,3,3
461,324,0,-1
397,157,0,-1
317,25,0,-1
447,329,0,2
23,466,0,-1
414,47,3,3
370,405,2,2
281,229,0,1
396,45,3,3
30,412,0,-1
309,58,0,-1
93,324,0,-1
214,374,4,4
332,224,1,2
203,37,0,-1
452,455,0,-1
278,59,0,-1
284,84,0,7
268,355,0,4
352,97,0,-1
340,44,0,-1
7,355,0,-1
105,50,5,5
293,105,0,6
305,378,0,-1
285,320,0,-1
332,37,0,-1
7,439,0,-1
350,492,0,-1
123,164,0,5
246,159,0,1
58,93,5,5
109,32,0,-1
168,468,0,-1
337,254,1,2
228,0,0,-1
249,115,0,-1
119,476,0,-1
1,38,0,-1
450,324,0,-1
316,93,0,-1
282,455,0,-1
250,323,4,4
329,71,0,-1
314,36,0,-1
126,499,0,-1
56,373,0,-1
20,112,0,5
451,47,3,3
196,99,0,-1
459,12,0,3
323,306,0,-1
278,145,0,-1
378,27,3,3
256,216,0,1
105,20,0,-1
376,460,0,2
358,350,2,2
304,321,0,-1
125,205,0,-1
394,144,0,-1
340,161,0,-1
287,411,0,-1
386,282,1,2
174,219,0,1
302,99,0,6
140,133,0,5
419,19,3,3
224,257,0,1
275,166,0,1
274,214,0,1
342,55,0,-1
356,363,2,2
273,307,0,-1
127,406,0,-1
61,485,0,-1
289,79,0,7
299,102,0,6
40,296,0,-1
437,355,2,2
260,67,0,-1
218,333,4,4
107,20,0,-1
96,173,0,-1
306,488,0,-1
291,459,0,-1
132,349,4,4
2,479,0,-1
446,351,2,2
55,79,5,5
116,222,0,-1
49,413,0,-1
217,201,0,1
19,104,0,5
112,127,5,5
493,289,0,-1
230,345,4,4
296,351,0,-1
7,393,0,-1
357,160,0,-1
344,270,1,2
256,209,0,1
47,415,0,-1
470,421,2,2
173,214,0,1
360,363,2,2
414,170,0,2
102,332,0,-1
51,70,5,5
104,151,5,5
39,169,0,-1
248,244,0,1
173,434,0,-1
380,444,2,2
3,419,0,-1
57,131,5,5
347,435,0,-1
352,424,0,2
328,358,0,-1
137,63,0,5
430,210,1,2
288,432,0,-1
354,291,1,2
113,19,0,-1
427,438,2,2
461,230,0,2
390,252,1,2
357,40,0,3
84,101,5,5
88,60,5,5
85,224,0,-1
184,322,4,4
424,19,3,3
441,293,1,2
388,363,2,2
405,417,2,2
71,455,0,-1
419,139,0,3
431,150,0,-1
258,255,0,1
328,349,0,-1
443,342,2,2
104,485,0,-1
247,94,0,-1
495,75,0,3
234,242,0,1
329,21,0,-1
328,47,0,-1
486,426,0,-1
431,166,0,-1
186,316,4,4
18,446,0,-1
27,348,0,-1
164,102,0,-1
388,251,1,2
216,331,4,4
50,116,5,5
16,376,0,-1
357,285,1,2
53,438,0,-1
223,224,0,1
250,340,4,4
417,410,2,2
483,416,0,2
65,496,0,-1
364,358,2,2
476,12,0,-1
362,257,1,2
2,317,0,-1
198,138,0,-1
295,83,0,7
351,464,0,-1
246,461,0,-1
49,194,0,-1
237,78,0,-1
360,310,0,2
214,294,4,4
61,114,5,5
389,197,1,2
24,288,0,-1
163,323,4,4
107,313,0,-1
107,137,5,5
309,94,0,6
109,2,0,-1
496,201,0,-1
241,307,0,4
148,213,0,-1
494,231,0,-1
109,102,5,5
32,199,0,-1
246,442,0,-1
38,326,0,-1
295,493,0,-1
477,275,0,-1
389,471,0,-1
279,462,0,-1
156,201,0,1
488,213,0,-1
58,418,0,-1
460,118,3,3
123,377,0,4
294,69,0,-1
400,214,1,2
76,267,0,-1
306,62,0,-1
366,346,2,2
265,100,0,-1
375,244,1,2
438,276,1,2
372,317,0,2
365,172,0,2
95,194,0,-1
143,314,4,4
68,330,0,-1
365,430,2,2
373,388,2,2
188,342,4,4
129,188,0,-1
378,92,3,3
359,182,0,2
68,130,5,5
37,195,0,-1
39,198,0,-1
399,424,2,2
434,198,1,2
388,124,3,3
257,249,0,1
94,401,0,-1
120,291,0,-1
183,403,4,4
43,247,0,-1
352,137,0,-1
163,320,4,4
35,404,0,-1
272,136,0,-1
270,448,0,-1
39,120,5,5
75,381,0,-1
344,492,0,-1
221,237,0,1
331,462,0,-1
103,107,5,5
128,146,5,5
440,63,3,3
215,277,0,1
106,227,0,-1
286,428,0,-1
437,327,0,2
302,413,0,-1
74,202,0,-1
184,147,0,1
449,308,0,-1
186,456,0,-1
81,251,0,-1
406,298,1,2
248,57,0,-1
349,326,0,-1
374,403,2,2
103,88,5,5
15,351,0,-1
103,34,0,5
114,464,0,-1
119,57,5,5
0,125,0,-1
107,231,0,-1
126,370,4,4
379,118,3,3
394,196,1,2
45,300,0,-1
39,408,0,-1
111,430,0,-1
158,348,4,4
119,60,5,5
220,473,0,-1
307,495,0,-1
492,59,0,3
367,245,1,2
409,111,3,3
97,299,0,-1
452,273,1,2
272,121,0,-1
85,176,0,-1
164,27,0,-1
